Month,Standard Deviation
January,0.914289171334195
February,1.0430944938342415
March,0.8679387124586866
April,0.7104198391035771
May,0.660278391959799
June,0.592238819898069
July,0.5557620825852783
August,0.5556715024418271
September,0.5959882166978014
October,0.673453540934204
November,0.735397572187904
December,0.8737258967001434
