Month,Temperature Change
January,0.48448758344459275
February,0.4986382964542789
March,0.5413725621159498
April,0.5244435392320534
May,0.49942359303024236
June,0.500491924719701
July,0.5250429181684688
August,0.5350528775537455
September,0.4433460690668626
October,0.44400333533453407
November,0.4190645656673566
December,0.4183993599573305
